,Order_Demand
2012-01-05,21700.0
2012-01-06,79000.0
2012-01-07,0.0
2012-01-08,0.0
2012-01-09,0.0
2012-01-10,226200.0
2012-01-11,195400.0
2012-01-12,14300.0
2012-01-13,181500.0
2012-01-14,0.0
2012-01-15,0.0
2012-01-16,181000.0
2012-01-17,38400.0
2012-01-18,7700.0
2012-01-19,9100.0
2012-01-20,13000.0
2012-01-21,0.0
2012-01-22,0.0
2012-01-23,81400.0
2012-01-24,7600.0
2012-01-25,46500.0
2012-01-26,67000.0
2012-01-27,38000.0
2012-01-28,0.0
2012-01-29,0.0
2012-01-30,21000.0
2012-01-31,38500.0
2012-02-01,50300.0
2012-02-02,35100.0
2012-02-03,29200.0
2012-02-04,0.0
2012-02-05,0.0
2012-02-06,5000.0
2012-02-07,13000.0
2012-02-08,26600.0
2012-02-09,37000.0
2012-02-10,25300.0
2012-02-11,0.0
2012-02-12,0.0
2012-02-13,69100.0
2012-02-14,45000.0
2012-02-15,92400.0
2012-02-16,17100.0
2012-02-17,8000.0
2012-02-18,0.0
2012-02-19,0.0
2012-02-20,15100.0
2012-02-21,33200.0
2012-02-22,102100.0
2012-02-23,79500.0
2012-02-24,9000.0
2012-02-25,0.0
2012-02-26,0.0
2012-02-27,29200.0
2012-02-28,40600.0
2012-02-29,51100.0
2012-03-01,57000.0
2012-03-02,69000.0
2012-03-03,0.0
2012-03-04,0.0
2012-03-05,18700.0
2012-03-06,16300.0
2012-03-07,22500.0
2012-03-08,22200.0
2012-03-09,33400.0
2012-03-10,0.0
2012-03-11,0.0
2012-03-12,40500.0
2012-03-13,98800.0
2012-03-14,89000.0
2012-03-15,53000.0
2012-03-16,3000.0
2012-03-17,0.0
2012-03-18,0.0
2012-03-19,25500.0
2012-03-20,0.0
2012-03-21,41200.0
2012-03-22,92400.0
2012-03-23,19500.0
2012-03-24,0.0
2012-03-25,0.0
2012-03-26,69600.0
2012-03-27,31900.0
2012-03-28,29900.0
2012-03-29,69500.0
2012-03-30,125000.0
2012-03-31,0.0
2012-04-01,0.0
2012-04-02,52600.0
2012-04-03,74400.0
2012-04-04,9500.0
2012-04-05,66000.0
2012-04-06,57200.0
2012-04-07,0.0
2012-04-08,0.0
2012-04-09,27000.0
2012-04-10,55100.0
2012-04-11,23300.0
2012-04-12,26100.0
2012-04-13,19000.0
2012-04-14,0.0
2012-04-15,0.0
2012-04-16,87200.0
2012-04-17,43500.0
2012-04-18,52300.0
2012-04-19,141200.0
2012-04-20,11000.0
2012-04-21,0.0
2012-04-22,0.0
2012-04-23,122000.0
2012-04-24,34300.0
2012-04-25,3000.0
2012-04-26,74500.0
2012-04-27,29300.0
2012-04-28,0.0
2012-04-29,0.0
2012-04-30,10000.0
2012-05-01,72000.0
2012-05-02,42000.0
2012-05-03,0.0
2012-05-04,0.0
2012-05-05,0.0
2012-05-06,0.0
2012-05-07,16800.0
2012-05-08,66300.0
2012-05-09,61000.0
2012-05-10,7000.0
2012-05-11,22500.0
2012-05-12,0.0
2012-05-13,0.0
2012-05-14,52300.0
2012-05-15,32700.0
2012-05-16,17100.0
2012-05-17,20000.0
2012-05-18,9000.0
2012-05-19,0.0
2012-05-20,0.0
2012-05-21,85500.0
2012-05-22,3000.0
2012-05-23,37800.0
2012-05-24,145000.0
2012-05-25,12000.0
2012-05-26,0.0
2012-05-27,0.0
2012-05-28,9100.0
2012-05-29,60000.0
2012-05-30,30500.0
2012-05-31,36300.0
2012-06-01,84000.0
2012-06-02,0.0
2012-06-03,0.0
2012-06-04,35100.0
2012-06-05,43100.0
2012-06-06,14000.0
2012-06-07,85800.0
2012-06-08,20000.0
2012-06-09,0.0
2012-06-10,0.0
2012-06-11,24500.0
2012-06-12,51600.0
2012-06-13,129000.0
2012-06-14,7500.0
2012-06-15,4000.0
2012-06-16,0.0
2012-06-17,0.0
2012-06-18,70100.0
2012-06-19,134500.0
2012-06-20,10000.0
2012-06-21,70500.0
2012-06-22,14100.0
2012-06-23,0.0
2012-06-24,0.0
2012-06-25,76000.0
2012-06-26,47000.0
2012-06-27,38500.0
2012-06-28,79000.0
2012-06-29,12200.0
2012-06-30,0.0
2012-07-01,0.0
2012-07-02,59000.0
2012-07-03,83000.0
2012-07-04,42000.0
2012-07-05,58300.0
2012-07-06,15100.0
2012-07-07,0.0
2012-07-08,0.0
2012-07-09,3000.0
2012-07-10,28000.0
2012-07-11,51000.0
2012-07-12,13300.0
2012-07-13,8100.0
2012-07-14,0.0
2012-07-15,0.0
2012-07-16,0.0
2012-07-17,42300.0
2012-07-18,16200.0
2012-07-19,26200.0
2012-07-20,45100.0
2012-07-21,0.0
2012-07-22,0.0
2012-07-23,54500.0
2012-07-24,49000.0
2012-07-25,26000.0
2012-07-26,42300.0
2012-07-27,22300.0
2012-07-28,0.0
2012-07-29,0.0
2012-07-30,48100.0
2012-07-31,84600.0
2012-08-01,10100.0
2012-08-02,45000.0
2012-08-03,49000.0
2012-08-04,0.0
2012-08-05,0.0
2012-08-06,115000.0
2012-08-07,78500.0
2012-08-08,20700.0
2012-08-09,81000.0
2012-08-10,51500.0
2012-08-11,0.0
2012-08-12,0.0
2012-08-13,0.0
2012-08-14,0.0
2012-08-15,17100.0
2012-08-16,25100.0
2012-08-17,17000.0
2012-08-18,0.0
2012-08-19,0.0
2012-08-20,56900.0
2012-08-21,51500.0
2012-08-22,51000.0
2012-08-23,86200.0
2012-08-24,22600.0
2012-08-25,0.0
2012-08-26,0.0
2012-08-27,15000.0
2012-08-28,82500.0
2012-08-29,17500.0
2012-08-30,16000.0
2012-08-31,84500.0
2012-09-01,0.0
2012-09-02,0.0
2012-09-03,86500.0
2012-09-04,50800.0
2012-09-05,66200.0
2012-09-06,30000.0
2012-09-07,41300.0
2012-09-08,0.0
2012-09-09,0.0
2012-09-10,27400.0
2012-09-11,23000.0
2012-09-12,79000.0
2012-09-13,47700.0
2012-09-14,33000.0
2012-09-15,0.0
2012-09-16,0.0
2012-09-17,0.0
2012-09-18,17500.0
2012-09-19,6500.0
2012-09-20,17800.0
2012-09-21,84000.0
2012-09-22,0.0
2012-09-23,0.0
2012-09-24,63000.0
2012-09-25,85000.0
2012-09-26,43500.0
2012-09-27,26000.0
2012-09-28,43300.0
2012-09-29,0.0
2012-09-30,0.0
2012-10-01,80000.0
2012-10-02,63700.0
2012-10-03,64200.0
2012-10-04,53000.0
2012-10-05,36100.0
2012-10-06,0.0
2012-10-07,0.0
2012-10-08,0.0
2012-10-09,124500.0
2012-10-10,55000.0
2012-10-11,72000.0
2012-10-12,43000.0
2012-10-13,0.0
2012-10-14,0.0
2012-10-15,159300.0
2012-10-16,29500.0
2012-10-17,25300.0
2012-10-18,28300.0
2012-10-19,197000.0
2012-10-20,0.0
2012-10-21,0.0
2012-10-22,56000.0
2012-10-23,62600.0
2012-10-24,38000.0
2012-10-25,100100.0
2012-10-26,112000.0
2012-10-27,0.0
2012-10-28,0.0
2012-10-29,13900.0
2012-10-30,77000.0
2012-10-31,35000.0
2012-11-01,41600.0
2012-11-02,37300.0
2012-11-03,0.0
2012-11-04,0.0
2012-11-05,89000.0
2012-11-06,17200.0
2012-11-07,15100.0
2012-11-08,20100.0
2012-11-09,100000.0
2012-11-10,0.0
2012-11-11,0.0
2012-11-12,48000.0
2012-11-13,67000.0
2012-11-14,19900.0
2012-11-15,58200.0
2012-11-16,42000.0
2012-11-17,0.0
2012-11-18,0.0
2012-11-19,30000.0
2012-11-20,45400.0
2012-11-21,77700.0
2012-11-22,15000.0
2012-11-23,0.0
2012-11-24,0.0
2012-11-25,0.0
2012-11-26,101200.0
2012-11-27,28000.0
2012-11-28,44000.0
2012-11-29,20100.0
2012-11-30,80000.0
2012-12-01,0.0
2012-12-02,0.0
2012-12-03,150300.0
2012-12-04,44500.0
2012-12-05,31500.0
2012-12-06,17600.0
2012-12-07,89000.0
2012-12-08,0.0
2012-12-09,0.0
2012-12-10,36800.0
2012-12-11,155600.0
2012-12-12,13500.0
2012-12-13,36000.0
2012-12-14,86700.0
2012-12-15,0.0
2012-12-16,0.0
2012-12-17,71000.0
2012-12-18,15600.0
2012-12-19,31000.0
2012-12-20,38000.0
2012-12-21,33500.0
2012-12-22,0.0
2012-12-23,0.0
2012-12-24,0.0
2012-12-25,58100.0
2012-12-26,39100.0
2012-12-27,142000.0
2012-12-28,0.0
2012-12-29,0.0
2012-12-30,0.0
2012-12-31,0.0
2013-01-01,0.0
2013-01-02,0.0
2013-01-03,0.0
2013-01-04,0.0
2013-01-05,0.0
2013-01-06,0.0
2013-01-07,97200.0
2013-01-08,33100.0
2013-01-09,48500.0
2013-01-10,42100.0
2013-01-11,90500.0
2013-01-12,0.0
2013-01-13,0.0
2013-01-14,0.0
2013-01-15,29200.0
2013-01-16,30100.0
2013-01-17,15100.0
2013-01-18,66000.0
2013-01-19,0.0
2013-01-20,0.0
2013-01-21,89400.0
2013-01-22,62000.0
2013-01-23,68500.0
2013-01-24,22000.0
2013-01-25,62000.0
2013-01-26,0.0
2013-01-27,0.0
2013-01-28,48700.0
2013-01-29,144500.0
2013-01-30,8500.0
2013-01-31,76000.0
2013-02-01,44300.0
2013-02-02,0.0
2013-02-03,5000.0
2013-02-04,64000.0
2013-02-05,39400.0
2013-02-06,63000.0
2013-02-07,45000.0
2013-02-08,40000.0
2013-02-09,0.0
2013-02-10,0.0
2013-02-11,0.0
2013-02-12,74700.0
2013-02-13,59000.0
2013-02-14,32000.0
2013-02-15,82300.0
2013-02-16,0.0
2013-02-17,0.0
2013-02-18,20500.0
2013-02-19,88000.0
2013-02-20,11000.0
2013-02-21,83000.0
2013-02-22,66000.0
2013-02-23,0.0
2013-02-24,0.0
2013-02-25,69200.0
2013-02-26,21000.0
2013-02-27,67000.0
2013-02-28,22700.0
2013-03-01,89000.0
2013-03-02,0.0
2013-03-03,0.0
2013-03-04,53100.0
2013-03-05,60200.0
2013-03-06,94000.0
2013-03-07,5000.0
2013-03-08,42000.0
2013-03-09,0.0
2013-03-10,0.0
2013-03-11,88100.0
2013-03-12,36500.0
2013-03-13,43000.0
2013-03-14,69600.0
2013-03-15,48500.0
2013-03-16,0.0
2013-03-17,0.0
2013-03-18,15000.0
2013-03-19,61100.0
2013-03-20,0.0
2013-03-21,80800.0
2013-03-22,117300.0
2013-03-23,0.0
2013-03-24,0.0
2013-03-25,69000.0
2013-03-26,65000.0
2013-03-27,47000.0
2013-03-28,51000.0
2013-03-29,155000.0
2013-03-30,0.0
2013-03-31,0.0
2013-04-01,93000.0
2013-04-02,18500.0
2013-04-03,45500.0
2013-04-04,53000.0
2013-04-05,112000.0
2013-04-06,0.0
2013-04-07,0.0
2013-04-08,20000.0
2013-04-09,21500.0
2013-04-10,57300.0
2013-04-11,23100.0
2013-04-12,23000.0
2013-04-13,0.0
2013-04-14,0.0
2013-04-15,41100.0
2013-04-16,78800.0
2013-04-17,57000.0
2013-04-18,9500.0
2013-04-19,33100.0
2013-04-20,0.0
2013-04-21,0.0
2013-04-22,60400.0
2013-04-23,43800.0
2013-04-24,24600.0
2013-04-25,47600.0
2013-04-26,71500.0
2013-04-27,0.0
2013-04-28,0.0
2013-04-29,0.0
2013-04-30,36500.0
2013-05-01,108600.0
2013-05-02,62200.0
2013-05-03,0.0
2013-05-04,0.0
2013-05-05,0.0
2013-05-06,0.0
2013-05-07,47600.0
2013-05-08,91600.0
2013-05-09,68400.0
2013-05-10,53000.0
2013-05-11,0.0
2013-05-12,0.0
2013-05-13,22000.0
2013-05-14,26100.0
2013-05-15,30000.0
2013-05-16,12000.0
2013-05-17,47600.0
2013-05-18,0.0
2013-05-19,0.0
2013-05-20,21000.0
2013-05-21,39000.0
2013-05-22,20500.0
2013-05-23,75500.0
2013-05-24,28000.0
2013-05-25,0.0
2013-05-26,0.0
2013-05-27,66100.0
2013-05-28,104600.0
2013-05-29,71000.0
2013-05-30,12800.0
2013-05-31,31000.0
2013-06-01,0.0
2013-06-02,0.0
2013-06-03,130500.0
2013-06-04,3100.0
2013-06-05,26500.0
2013-06-06,46000.0
2013-06-07,18500.0
2013-06-08,0.0
2013-06-09,0.0
2013-06-10,10000.0
2013-06-11,91000.0
2013-06-12,46200.0
2013-06-13,69800.0
2013-06-14,26500.0
2013-06-15,0.0
2013-06-16,0.0
2013-06-17,117000.0
2013-06-18,131000.0
2013-06-19,76300.0
2013-06-20,44000.0
2013-06-21,30200.0
2013-06-22,0.0
2013-06-23,0.0
2013-06-24,26000.0
2013-06-25,15600.0
2013-06-26,41000.0
2013-06-27,63500.0
2013-06-28,70000.0
2013-06-29,0.0
2013-06-30,0.0
2013-07-01,44500.0
2013-07-02,51800.0
2013-07-03,98100.0
2013-07-04,46400.0
2013-07-05,25000.0
2013-07-06,0.0
2013-07-07,0.0
2013-07-08,10700.0
2013-07-09,40500.0
2013-07-10,21000.0
2013-07-11,29500.0
2013-07-12,2000.0
2013-07-13,0.0
2013-07-14,0.0
2013-07-15,0.0
2013-07-16,98500.0
2013-07-17,70000.0
2013-07-18,53000.0
2013-07-19,120000.0
2013-07-20,0.0
2013-07-21,0.0
2013-07-22,97000.0
2013-07-23,74500.0
2013-07-24,40000.0
2013-07-25,21200.0
2013-07-26,65100.0
2013-07-27,0.0
2013-07-28,0.0
2013-07-29,31000.0
2013-07-30,57000.0
2013-07-31,53000.0
2013-08-01,45800.0
2013-08-02,21200.0
2013-08-03,0.0
2013-08-04,0.0
2013-08-05,24400.0
2013-08-06,94000.0
2013-08-07,62000.0
2013-08-08,19000.0
2013-08-09,14300.0
2013-08-10,0.0
2013-08-11,0.0
2013-08-12,50000.0
2013-08-13,0.0
2013-08-14,0.0
2013-08-15,0.0
2013-08-16,53300.0
2013-08-17,0.0
2013-08-18,0.0
2013-08-19,38000.0
2013-08-20,83700.0
2013-08-21,68400.0
2013-08-22,44200.0
2013-08-23,36600.0
2013-08-24,0.0
2013-08-25,0.0
2013-08-26,29000.0
2013-08-27,33500.0
2013-08-28,137300.0
2013-08-29,2500.0
2013-08-30,58000.0
2013-08-31,0.0
2013-09-01,0.0
2013-09-02,90000.0
2013-09-03,31600.0
2013-09-04,59000.0
2013-09-05,31000.0
2013-09-06,22100.0
2013-09-07,0.0
2013-09-08,0.0
2013-09-09,2800.0
2013-09-10,48000.0
2013-09-11,208000.0
2013-09-12,50500.0
2013-09-13,109000.0
2013-09-14,0.0
2013-09-15,0.0
2013-09-16,0.0
2013-09-17,12500.0
2013-09-18,80500.0
2013-09-19,22800.0
2013-09-20,5000.0
2013-09-21,0.0
2013-09-22,0.0
2013-09-23,0.0
2013-09-24,102500.0
2013-09-25,44100.0
2013-09-26,110600.0
2013-09-27,5400.0
2013-09-28,0.0
2013-09-29,0.0
2013-09-30,67500.0
2013-10-01,96800.0
2013-10-02,58500.0
2013-10-03,35000.0
2013-10-04,23000.0
2013-10-05,0.0
2013-10-06,0.0
2013-10-07,61000.0
2013-10-08,57000.0
2013-10-09,39000.0
2013-10-10,111000.0
2013-10-11,38000.0
2013-10-12,0.0
2013-10-13,0.0
2013-10-14,0.0
2013-10-15,275300.0
2013-10-16,9000.0
2013-10-17,40000.0
2013-10-18,46100.0
2013-10-19,0.0
2013-10-20,0.0
2013-10-21,90300.0
2013-10-22,146500.0
2013-10-23,39000.0
2013-10-24,46500.0
2013-10-25,34600.0
2013-10-26,0.0
2013-10-27,0.0
2013-10-28,74200.0
2013-10-29,56800.0
2013-10-30,175000.0
2013-10-31,21300.0
2013-11-01,34500.0
2013-11-02,0.0
2013-11-03,0.0
2013-11-04,0.0
2013-11-05,53000.0
2013-11-06,61500.0
2013-11-07,5000.0
2013-11-08,97200.0
2013-11-09,0.0
2013-11-10,0.0
2013-11-11,65700.0
2013-11-12,78200.0
2013-11-13,57500.0
2013-11-14,47000.0
2013-11-15,104100.0
2013-11-16,0.0
2013-11-17,0.0
2013-11-18,11100.0
2013-11-19,46700.0
2013-11-20,56000.0
2013-11-21,146300.0
2013-11-22,67000.0
2013-11-23,0.0
2013-11-24,0.0
2013-11-25,24000.0
2013-11-26,11000.0
2013-11-27,61400.0
2013-11-28,46000.0
2013-11-29,140200.0
2013-11-30,0.0
2013-12-01,0.0
2013-12-02,35000.0
2013-12-03,54500.0
2013-12-04,67000.0
2013-12-05,30800.0
2013-12-06,41000.0
2013-12-07,0.0
2013-12-08,0.0
2013-12-09,3300.0
2013-12-10,46500.0
2013-12-11,67100.0
2013-12-12,22100.0
2013-12-13,21100.0
2013-12-14,0.0
2013-12-15,0.0
2013-12-16,68000.0
2013-12-17,86200.0
2013-12-18,50200.0
2013-12-19,33300.0
2013-12-20,15000.0
2013-12-21,0.0
2013-12-22,0.0
2013-12-23,0.0
2013-12-24,114500.0
2013-12-25,155000.0
2013-12-26,187600.0
2013-12-27,0.0
2013-12-28,0.0
2013-12-29,0.0
2013-12-30,0.0
2013-12-31,0.0
2014-01-01,0.0
2014-01-02,0.0
2014-01-03,0.0
2014-01-04,0.0
2014-01-05,0.0
2014-01-06,35700.0
2014-01-07,66000.0
2014-01-08,86000.0
2014-01-09,55100.0
2014-01-10,62200.0
2014-01-11,0.0
2014-01-12,0.0
2014-01-13,5000.0
2014-01-14,13300.0
2014-01-15,58500.0
2014-01-16,98000.0
2014-01-17,69100.0
2014-01-18,0.0
2014-01-19,0.0
2014-01-20,65000.0
2014-01-21,63000.0
2014-01-22,78700.0
2014-01-23,8300.0
2014-01-24,14000.0
2014-01-25,0.0
2014-01-26,0.0
2014-01-27,27000.0
2014-01-28,28000.0
2014-01-29,25000.0
2014-01-30,4100.0
2014-01-31,46800.0
2014-02-01,0.0
2014-02-02,0.0
2014-02-03,59300.0
2014-02-04,69100.0
2014-02-05,31000.0
2014-02-06,86300.0
2014-02-07,0.0
2014-02-08,0.0
2014-02-09,0.0
2014-02-10,25000.0
2014-02-11,0.0
2014-02-12,194500.0
2014-02-13,37500.0
2014-02-14,80200.0
2014-02-15,0.0
2014-02-16,0.0
2014-02-17,49200.0
2014-02-18,14000.0
2014-02-19,67000.0
2014-02-20,28000.0
2014-02-21,40500.0
2014-02-22,0.0
2014-02-23,0.0
2014-02-24,21000.0
2014-02-25,35200.0
2014-02-26,14100.0
2014-02-27,49500.0
2014-02-28,59000.0
2014-03-01,0.0
2014-03-02,0.0
2014-03-03,99000.0
2014-03-04,57300.0
2014-03-05,46200.0
2014-03-06,89100.0
2014-03-07,36000.0
2014-03-08,0.0
2014-03-09,0.0
2014-03-10,43900.0
2014-03-11,87000.0
2014-03-12,11000.0
2014-03-13,11000.0
2014-03-14,131600.0
2014-03-15,0.0
2014-03-16,0.0
2014-03-17,48000.0
2014-03-18,50500.0
2014-03-19,19500.0
2014-03-20,40000.0
2014-03-21,0.0
2014-03-22,0.0
2014-03-23,0.0
2014-03-24,82500.0
2014-03-25,128000.0
2014-03-26,62000.0
2014-03-27,55000.0
2014-03-28,60000.0
2014-03-29,0.0
2014-03-30,0.0
2014-03-31,283100.0
2014-04-01,81100.0
2014-04-02,123000.0
2014-04-03,68500.0
2014-04-04,10000.0
2014-04-05,0.0
2014-04-06,0.0
2014-04-07,24000.0
2014-04-08,46000.0
2014-04-09,37000.0
2014-04-10,21000.0
2014-04-11,16500.0
2014-04-12,0.0
2014-04-13,0.0
2014-04-14,20000.0
2014-04-15,81300.0
2014-04-16,45500.0
2014-04-17,19800.0
2014-04-18,43200.0
2014-04-19,0.0
2014-04-20,0.0
2014-04-21,104500.0
2014-04-22,74000.0
2014-04-23,78100.0
2014-04-24,92300.0
2014-04-25,19700.0
2014-04-26,0.0
2014-04-27,0.0
2014-04-28,16000.0
2014-04-29,0.0
2014-04-30,84000.0
2014-05-01,17000.0
2014-05-02,46500.0
2014-05-03,0.0
2014-05-04,0.0
2014-05-05,0.0
2014-05-06,0.0
2014-05-07,15000.0
2014-05-08,36200.0
2014-05-09,57000.0
2014-05-10,0.0
2014-05-11,0.0
2014-05-12,79000.0
2014-05-13,65500.0
2014-05-14,6200.0
2014-05-15,118500.0
2014-05-16,24200.0
2014-05-17,0.0
2014-05-18,0.0
2014-05-19,25600.0
2014-05-20,10200.0
2014-05-21,125200.0
2014-05-22,26000.0
2014-05-23,38200.0
2014-05-24,0.0
2014-05-25,0.0
2014-05-26,49500.0
2014-05-27,28000.0
2014-05-28,17000.0
2014-05-29,45500.0
2014-05-30,50000.0
2014-05-31,0.0
2014-06-01,0.0
2014-06-02,24500.0
2014-06-03,50000.0
2014-06-04,24000.0
2014-06-05,35000.0
2014-06-06,38900.0
2014-06-07,0.0
2014-06-08,0.0
2014-06-09,34200.0
2014-06-10,28600.0
2014-06-11,54000.0
2014-06-12,30000.0
2014-06-13,157500.0
2014-06-14,0.0
2014-06-15,0.0
2014-06-16,65600.0
2014-06-17,41200.0
2014-06-18,47500.0
2014-06-19,17200.0
2014-06-20,3500.0
2014-06-21,0.0
2014-06-22,0.0
2014-06-23,90000.0
2014-06-24,4900.0
2014-06-25,91300.0
2014-06-26,32200.0
2014-06-27,88500.0
2014-06-28,0.0
2014-06-29,10000.0
2014-06-30,183500.0
2014-07-01,24000.0
2014-07-02,16000.0
2014-07-03,64000.0
2014-07-04,27300.0
2014-07-05,0.0
2014-07-06,0.0
2014-07-07,35000.0
2014-07-08,75000.0
2014-07-09,180000.0
2014-07-10,55000.0
2014-07-11,157600.0
2014-07-12,0.0
2014-07-13,0.0
2014-07-14,64300.0
2014-07-15,26000.0
2014-07-16,95000.0
2014-07-17,91000.0
2014-07-18,16000.0
2014-07-19,0.0
2014-07-20,0.0
2014-07-21,0.0
2014-07-22,56100.0
2014-07-23,137300.0
2014-07-24,81000.0
2014-07-25,112400.0
2014-07-26,0.0
2014-07-27,0.0
2014-07-28,54000.0
2014-07-29,18200.0
2014-07-30,163900.0
2014-07-31,6000.0
2014-08-01,26300.0
2014-08-02,0.0
2014-08-03,0.0
2014-08-04,122100.0
2014-08-05,77000.0
2014-08-06,72000.0
2014-08-07,16000.0
2014-08-08,77400.0
2014-08-09,0.0
2014-08-10,0.0
2014-08-11,32500.0
2014-08-12,0.0
2014-08-13,0.0
2014-08-14,0.0
2014-08-15,35100.0
2014-08-16,0.0
2014-08-17,0.0
2014-08-18,22100.0
2014-08-19,95000.0
2014-08-20,73500.0
2014-08-21,129000.0
2014-08-22,42000.0
2014-08-23,0.0
2014-08-24,0.0
2014-08-25,9000.0
2014-08-26,45200.0
2014-08-27,109000.0
2014-08-28,30600.0
2014-08-29,131000.0
2014-08-30,0.0
2014-08-31,0.0
2014-09-01,77000.0
2014-09-02,69900.0
2014-09-03,103000.0
2014-09-04,50100.0
2014-09-05,47200.0
2014-09-06,0.0
2014-09-07,0.0
2014-09-08,7300.0
2014-09-09,78000.0
2014-09-10,59300.0
2014-09-11,36500.0
2014-09-12,187100.0
2014-09-13,0.0
2014-09-14,0.0
2014-09-15,0.0
2014-09-16,67400.0
2014-09-17,5000.0
2014-09-18,345800.0
2014-09-19,22500.0
2014-09-20,0.0
2014-09-21,0.0
2014-09-22,52000.0
2014-09-23,0.0
2014-09-24,94600.0
2014-09-25,48000.0
2014-09-26,50400.0
2014-09-27,0.0
2014-09-28,0.0
2014-09-29,49000.0
2014-09-30,68000.0
2014-10-01,115000.0
2014-10-02,54000.0
2014-10-03,60000.0
2014-10-04,0.0
2014-10-05,0.0
2014-10-06,26500.0
2014-10-07,68000.0
2014-10-08,105000.0
2014-10-09,23000.0
2014-10-10,106000.0
2014-10-11,0.0
2014-10-12,0.0
2014-10-13,0.0
2014-10-14,61000.0
2014-10-15,37000.0
2014-10-16,160100.0
2014-10-17,67000.0
2014-10-18,0.0
2014-10-19,0.0
2014-10-20,242000.0
2014-10-21,86000.0
2014-10-22,82000.0
2014-10-23,101000.0
2014-10-24,24000.0
2014-10-25,0.0
2014-10-26,0.0
2014-10-27,117000.0
2014-10-28,100400.0
2014-10-29,151500.0
2014-10-30,53500.0
2014-10-31,8100.0
2014-11-01,0.0
2014-11-02,0.0
2014-11-03,0.0
2014-11-04,77500.0
2014-11-05,26100.0
2014-11-06,106000.0
2014-11-07,30000.0
2014-11-08,0.0
2014-11-09,0.0
2014-11-10,73800.0
2014-11-11,48000.0
2014-11-12,42000.0
2014-11-13,57500.0
2014-11-14,38800.0
2014-11-15,0.0
2014-11-16,0.0
2014-11-17,63700.0
2014-11-18,57000.0
2014-11-19,38500.0
2014-11-20,41000.0
2014-11-21,116000.0
2014-11-22,0.0
2014-11-23,0.0
2014-11-24,0.0
2014-11-25,101800.0
2014-11-26,16000.0
2014-11-27,227100.0
2014-11-28,65900.0
2014-11-29,0.0
2014-11-30,0.0
2014-12-01,50500.0
2014-12-02,20300.0
2014-12-03,64000.0
2014-12-04,61500.0
2014-12-05,30700.0
2014-12-06,0.0
2014-12-07,0.0
2014-12-08,17000.0
2014-12-09,89000.0
2014-12-10,37000.0
2014-12-11,50200.0
2014-12-12,43300.0
2014-12-13,0.0
2014-12-14,0.0
2014-12-15,118600.0
2014-12-16,71400.0
2014-12-17,151300.0
2014-12-18,6500.0
2014-12-19,233100.0
2014-12-20,0.0
2014-12-21,0.0
2014-12-22,45700.0
2014-12-23,0.0
2014-12-24,40300.0
2014-12-25,195800.0
2014-12-26,10000.0
2014-12-27,0.0
2014-12-28,0.0
2014-12-29,0.0
2014-12-30,0.0
2014-12-31,0.0
2015-01-01,0.0
2015-01-02,0.0
2015-01-03,0.0
2015-01-04,0.0
2015-01-05,59600.0
2015-01-06,65000.0
2015-01-07,19500.0
2015-01-08,81000.0
2015-01-09,20000.0
2015-01-10,0.0
2015-01-11,0.0
2015-01-12,0.0
2015-01-13,29400.0
2015-01-14,54500.0
2015-01-15,116000.0
2015-01-16,51500.0
2015-01-17,0.0
2015-01-18,0.0
2015-01-19,71200.0
2015-01-20,28400.0
2015-01-21,61000.0
2015-01-22,70000.0
2015-01-23,13000.0
2015-01-24,0.0
2015-01-25,0.0
2015-01-26,35400.0
2015-01-27,60000.0
2015-01-28,16000.0
2015-01-29,70000.0
2015-01-30,78200.0
2015-01-31,0.0
2015-02-01,0.0
2015-02-02,40100.0
2015-02-03,42500.0
2015-02-04,95000.0
2015-02-05,200000.0
2015-02-06,131000.0
2015-02-07,0.0
2015-02-08,0.0
2015-02-09,35500.0
2015-02-10,59600.0
2015-02-11,0.0
2015-02-12,37000.0
2015-02-13,123800.0
2015-02-14,0.0
2015-02-15,0.0
2015-02-16,61000.0
2015-02-17,59000.0
2015-02-18,42000.0
2015-02-19,3000.0
2015-02-20,7900.0
2015-02-21,0.0
2015-02-22,0.0
2015-02-23,52300.0
2015-02-24,33000.0
2015-02-25,22000.0
2015-02-26,110000.0
2015-02-27,23500.0
2015-02-28,0.0
2015-03-01,0.0
2015-03-02,36700.0
2015-03-03,77900.0
2015-03-04,61000.0
2015-03-05,7300.0
2015-03-06,30000.0
2015-03-07,0.0
2015-03-08,0.0
2015-03-09,57400.0
2015-03-10,36500.0
2015-03-11,97000.0
2015-03-12,32000.0
2015-03-13,56900.0
2015-03-14,0.0
2015-03-15,0.0
2015-03-16,59000.0
2015-03-17,61300.0
2015-03-18,48300.0
2015-03-19,20000.0
2015-03-20,46000.0
2015-03-21,0.0
2015-03-22,0.0
2015-03-23,34000.0
2015-03-24,60300.0
2015-03-25,89000.0
2015-03-26,85000.0
2015-03-27,76000.0
2015-03-28,0.0
2015-03-29,0.0
2015-03-30,89000.0
2015-03-31,43200.0
2015-04-01,117000.0
2015-04-02,75500.0
2015-04-03,46200.0
2015-04-04,0.0
2015-04-05,0.0
2015-04-06,51000.0
2015-04-07,9800.0
2015-04-08,64500.0
2015-04-09,38100.0
2015-04-10,78500.0
2015-04-11,0.0
2015-04-12,0.0
2015-04-13,93500.0
2015-04-14,5600.0
2015-04-15,131000.0
2015-04-16,23800.0
2015-04-17,22900.0
2015-04-18,0.0
2015-04-19,0.0
2015-04-20,42200.0
2015-04-21,98000.0
2015-04-22,128700.0
2015-04-23,41000.0
2015-04-24,40100.0
2015-04-25,0.0
2015-04-26,0.0
2015-04-27,120500.0
2015-04-28,40000.0
2015-04-29,0.0
2015-04-30,16000.0
2015-05-01,255100.0
2015-05-02,0.0
2015-05-03,0.0
2015-05-04,0.0
2015-05-05,0.0
2015-05-06,0.0
2015-05-07,60500.0
2015-05-08,38100.0
2015-05-09,0.0
2015-05-10,0.0
2015-05-11,108500.0
2015-05-12,77800.0
2015-05-13,49300.0
2015-05-14,18300.0
2015-05-15,40000.0
2015-05-16,0.0
2015-05-17,0.0
2015-05-18,86000.0
2015-05-19,55000.0
2015-05-20,50500.0
2015-05-21,82000.0
2015-05-22,26000.0
2015-05-23,0.0
2015-05-24,0.0
2015-05-25,76400.0
2015-05-26,12300.0
2015-05-27,19000.0
2015-05-28,40500.0
2015-05-29,7000.0
2015-05-30,0.0
2015-05-31,0.0
2015-06-01,97500.0
2015-06-02,13900.0
2015-06-03,101300.0
2015-06-04,57500.0
2015-06-05,67000.0
2015-06-06,0.0
2015-06-07,0.0
2015-06-08,16500.0
2015-06-09,33000.0
2015-06-10,79000.0
2015-06-11,61300.0
2015-06-12,100100.0
2015-06-13,0.0
2015-06-14,0.0
2015-06-15,56000.0
2015-06-16,15000.0
2015-06-17,26000.0
2015-06-18,50600.0
2015-06-19,15000.0
2015-06-20,0.0
2015-06-21,0.0
2015-06-22,116000.0
2015-06-23,10400.0
2015-06-24,88300.0
2015-06-25,102700.0
2015-06-26,42500.0
2015-06-27,0.0
2015-06-28,0.0
2015-06-29,40500.0
2015-06-30,125600.0
2015-07-01,36300.0
2015-07-02,21300.0
2015-07-03,38100.0
2015-07-04,0.0
2015-07-05,0.0
2015-07-06,40000.0
2015-07-07,45000.0
2015-07-08,186200.0
2015-07-09,42000.0
2015-07-10,67000.0
2015-07-11,0.0
2015-07-12,0.0
2015-07-13,140300.0
2015-07-14,124000.0
2015-07-15,89000.0
2015-07-16,36200.0
2015-07-17,42000.0
2015-07-18,0.0
2015-07-19,0.0
2015-07-20,0.0
2015-07-21,50800.0
2015-07-22,243500.0
2015-07-23,77000.0
2015-07-24,81000.0
2015-07-25,0.0
2015-07-26,0.0
2015-07-27,121000.0
2015-07-28,149300.0
2015-07-29,127000.0
2015-07-30,83000.0
2015-07-31,103000.0
2015-08-01,0.0
2015-08-02,0.0
2015-08-03,133500.0
2015-08-04,102000.0
2015-08-05,37300.0
2015-08-06,25000.0
2015-08-07,67000.0
2015-08-08,0.0
2015-08-09,0.0
2015-08-10,131000.0
2015-08-11,22000.0
2015-08-12,2000.0
2015-08-13,0.0
2015-08-14,25000.0
2015-08-15,0.0
2015-08-16,0.0
2015-08-17,115300.0
2015-08-18,88400.0
2015-08-19,46000.0
2015-08-20,100.0
2015-08-21,21000.0
2015-08-22,0.0
2015-08-23,0.0
2015-08-24,38200.0
2015-08-25,45100.0
2015-08-26,0.0
2015-08-27,78000.0
2015-08-28,28000.0
2015-08-29,0.0
2015-08-30,0.0
2015-08-31,120000.0
2015-09-01,75600.0
2015-09-02,8200.0
2015-09-03,85000.0
2015-09-04,26800.0
2015-09-05,0.0
2015-09-06,0.0
2015-09-07,92300.0
2015-09-08,133100.0
2015-09-09,32000.0
2015-09-10,40500.0
2015-09-11,15800.0
2015-09-12,0.0
2015-09-13,0.0
2015-09-14,107100.0
2015-09-15,102000.0
2015-09-16,100300.0
2015-09-17,15000.0
2015-09-18,21900.0
2015-09-19,0.0
2015-09-20,0.0
2015-09-21,0.0
2015-09-22,0.0
2015-09-23,0.0
2015-09-24,28200.0
2015-09-25,59100.0
2015-09-26,0.0
2015-09-27,0.0
2015-09-28,56000.0
2015-09-29,215300.0
2015-09-30,50500.0
2015-10-01,61000.0
2015-10-02,70000.0
2015-10-03,0.0
2015-10-04,0.0
2015-10-05,71500.0
2015-10-06,23800.0
2015-10-07,12300.0
2015-10-08,65200.0
2015-10-09,1000.0
2015-10-10,0.0
2015-10-11,0.0
2015-10-12,0.0
2015-10-13,97500.0
2015-10-14,25000.0
2015-10-15,56000.0
2015-10-16,20200.0
2015-10-17,0.0
2015-10-18,0.0
2015-10-19,5200.0
2015-10-20,85000.0
2015-10-21,49500.0
2015-10-22,20400.0
2015-10-23,80100.0
2015-10-24,0.0
2015-10-25,0.0
2015-10-26,47000.0
2015-10-27,31400.0
2015-10-28,46200.0
2015-10-29,50000.0
2015-10-30,61000.0
2015-10-31,0.0
2015-11-01,0.0
2015-11-02,71600.0
2015-11-03,0.0
2015-11-04,92300.0
2015-11-05,27000.0
2015-11-06,52100.0
2015-11-07,0.0
2015-11-08,0.0
2015-11-09,65500.0
2015-11-10,69500.0
2015-11-11,61000.0
2015-11-12,169000.0
2015-11-13,56500.0
2015-11-14,0.0
2015-11-15,0.0
2015-11-16,85000.0
2015-11-17,58000.0
2015-11-18,40300.0
2015-11-19,20000.0
2015-11-20,75400.0
2015-11-21,0.0
2015-11-22,0.0
2015-11-23,0.0
2015-11-24,58000.0
2015-11-25,63000.0
2015-11-26,146500.0
2015-11-27,57000.0
2015-11-28,0.0
2015-11-29,0.0
2015-11-30,127300.0
2015-12-01,170000.0
2015-12-02,39000.0
2015-12-03,99000.0
2015-12-04,15900.0
2015-12-05,0.0
2015-12-06,0.0
2015-12-07,48400.0
2015-12-08,142100.0
2015-12-09,65000.0
2015-12-10,67000.0
2015-12-11,50500.0
2015-12-12,0.0
2015-12-13,0.0
2015-12-14,32400.0
2015-12-15,21300.0
2015-12-16,52000.0
2015-12-17,50000.0
2015-12-18,30000.0
2015-12-19,0.0
2015-12-20,0.0
2015-12-21,30500.0
2015-12-22,30000.0
2015-12-23,0.0
2015-12-24,126100.0
2015-12-25,88500.0
2015-12-26,0.0
2015-12-27,0.0
2015-12-28,199000.0
2015-12-29,0.0
2015-12-30,0.0
2015-12-31,0.0
2016-01-01,0.0
2016-01-02,0.0
2016-01-03,0.0
2016-01-04,0.0
2016-01-05,40900.0
2016-01-06,82500.0
2016-01-07,64300.0
2016-01-08,46200.0
2016-01-09,0.0
2016-01-10,0.0
2016-01-11,0.0
2016-01-12,130100.0
2016-01-13,60800.0
2016-01-14,72300.0
2016-01-15,16200.0
2016-01-16,0.0
2016-01-17,0.0
2016-01-18,29200.0
2016-01-19,75000.0
2016-01-20,19500.0
2016-01-21,28000.0
2016-01-22,28200.0
2016-01-23,0.0
2016-01-24,0.0
2016-01-25,78500.0
2016-01-26,35200.0
2016-01-27,73500.0
2016-01-28,38000.0
2016-01-29,60000.0
2016-01-30,0.0
2016-01-31,0.0
2016-02-01,70100.0
2016-02-02,15200.0
2016-02-03,26000.0
2016-02-04,26100.0
2016-02-05,50000.0
2016-02-06,0.0
2016-02-07,0.0
2016-02-08,29700.0
2016-02-09,103000.0
2016-02-10,30000.0
2016-02-11,0.0
2016-02-12,103200.0
2016-02-13,0.0
2016-02-14,0.0
2016-02-15,30000.0
2016-02-16,43000.0
2016-02-17,10200.0
2016-02-18,44500.0
2016-02-19,36500.0
2016-02-20,0.0
2016-02-21,0.0
2016-02-22,110100.0
2016-02-23,85900.0
2016-02-24,38500.0
2016-02-25,38000.0
2016-02-26,41900.0
2016-02-27,0.0
2016-02-28,0.0
2016-02-29,36500.0
2016-03-01,49000.0
2016-03-02,66200.0
2016-03-03,92000.0
2016-03-04,40100.0
2016-03-05,0.0
2016-03-06,0.0
2016-03-07,100700.0
2016-03-08,60500.0
2016-03-09,77000.0
2016-03-10,41200.0
2016-03-11,19000.0
2016-03-12,0.0
2016-03-13,0.0
2016-03-14,85200.0
2016-03-15,92100.0
2016-03-16,40000.0
2016-03-17,40100.0
2016-03-18,46000.0
2016-03-19,0.0
2016-03-20,0.0
2016-03-21,0.0
2016-03-22,55000.0
2016-03-23,107800.0
2016-03-24,19000.0
2016-03-25,78000.0
2016-03-26,0.0
2016-03-27,0.0
2016-03-28,60200.0
2016-03-29,97500.0
2016-03-30,94400.0
2016-03-31,144000.0
2016-04-01,34400.0
2016-04-02,0.0
2016-04-03,0.0
2016-04-04,95000.0
2016-04-05,17000.0
2016-04-06,33000.0
2016-04-07,18000.0
2016-04-08,33600.0
2016-04-09,0.0
2016-04-10,0.0
2016-04-11,80100.0
2016-04-12,79500.0
2016-04-13,108200.0
2016-04-14,127000.0
2016-04-15,67200.0
2016-04-16,0.0
2016-04-17,0.0
2016-04-18,20000.0
2016-04-19,132300.0
2016-04-20,77000.0
2016-04-21,54000.0
2016-04-22,5000.0
2016-04-23,0.0
2016-04-24,0.0
2016-04-25,151000.0
2016-04-26,96000.0
2016-04-27,37800.0
2016-04-28,37000.0
2016-04-29,0.0
2016-04-30,0.0
2016-05-01,0.0
2016-05-02,37200.0
2016-05-03,0.0
2016-05-04,0.0
2016-05-05,0.0
2016-05-06,67000.0
2016-05-07,0.0
2016-05-08,0.0
2016-05-09,81500.0
2016-05-10,60500.0
2016-05-11,35000.0
2016-05-12,15000.0
2016-05-13,60800.0
2016-05-14,0.0
2016-05-15,0.0
2016-05-16,61500.0
2016-05-17,77000.0
2016-05-18,83000.0
2016-05-19,1000.0
2016-05-20,64000.0
2016-05-21,0.0
2016-05-22,0.0
2016-05-23,46800.0
2016-05-24,42500.0
2016-05-25,31600.0
2016-05-26,22700.0
2016-05-27,32300.0
2016-05-28,0.0
2016-05-29,0.0
2016-05-30,52000.0
2016-05-31,85500.0
2016-06-01,106000.0
2016-06-02,36200.0
2016-06-03,41000.0
2016-06-04,0.0
2016-06-05,0.0
2016-06-06,74000.0
2016-06-07,108900.0
2016-06-08,57000.0
2016-06-09,55000.0
2016-06-10,67600.0
2016-06-11,0.0
2016-06-12,0.0
2016-06-13,4100.0
2016-06-14,30600.0
2016-06-15,6400.0
2016-06-16,53000.0
2016-06-17,50200.0
2016-06-18,0.0
2016-06-19,0.0
2016-06-20,46800.0
2016-06-21,24400.0
2016-06-22,70200.0
2016-06-23,20300.0
2016-06-24,0.0
2016-06-25,0.0
2016-06-26,0.0
2016-06-27,57300.0
2016-06-28,80400.0
2016-06-29,74000.0
2016-06-30,205000.0
2016-07-01,78000.0
2016-07-02,0.0
2016-07-03,0.0
2016-07-04,80400.0
2016-07-05,32100.0
2016-07-06,22900.0
2016-07-07,5000.0
2016-07-08,77100.0
2016-07-09,0.0
2016-07-10,0.0
2016-07-11,15000.0
2016-07-12,50500.0
2016-07-13,47100.0
2016-07-14,46000.0
2016-07-15,40300.0
2016-07-16,0.0
2016-07-17,0.0
2016-07-18,0.0
2016-07-19,95400.0
2016-07-20,110000.0
2016-07-21,99400.0
2016-07-22,88500.0
2016-07-23,0.0
2016-07-24,0.0
2016-07-25,47100.0
2016-07-26,7100.0
2016-07-27,47100.0
2016-07-28,42000.0
2016-07-29,130100.0
2016-07-30,0.0
2016-07-31,0.0
2016-08-01,124000.0
2016-08-02,22200.0
2016-08-03,82100.0
2016-08-04,35000.0
2016-08-05,32000.0
2016-08-06,0.0
2016-08-07,0.0
2016-08-08,76000.0
2016-08-09,92400.0
2016-08-10,6000.0
2016-08-11,0.0
2016-08-12,0.0
2016-08-13,0.0
2016-08-14,0.0
2016-08-15,20000.0
2016-08-16,0.0
2016-08-17,79300.0
2016-08-18,58000.0
2016-08-19,76000.0
2016-08-20,0.0
2016-08-21,0.0
2016-08-22,66000.0
2016-08-23,60200.0
2016-08-24,23000.0
2016-08-25,38500.0
2016-08-26,32800.0
2016-08-27,0.0
2016-08-28,0.0
2016-08-29,32600.0
2016-08-30,55700.0
2016-08-31,106100.0
2016-09-01,66000.0
2016-09-02,42000.0
2016-09-03,0.0
2016-09-04,0.0
2016-09-05,71000.0
2016-09-06,37000.0
2016-09-07,18100.0
2016-09-08,8000.0
2016-09-09,66000.0
2016-09-10,0.0
2016-09-11,0.0
2016-09-12,80000.0
2016-09-13,68300.0
2016-09-14,20200.0
2016-09-15,32000.0
2016-09-16,32900.0
2016-09-17,0.0
2016-09-18,0.0
2016-09-19,0.0
2016-09-20,24500.0
2016-09-21,105500.0
2016-09-22,0.0
2016-09-23,164500.0
2016-09-24,0.0
2016-09-25,0.0
2016-09-26,72000.0
2016-09-27,84500.0
2016-09-28,15500.0
2016-09-29,145100.0
2016-09-30,71000.0
2016-10-01,0.0
2016-10-02,0.0
2016-10-03,92000.0
2016-10-04,7500.0
2016-10-05,16000.0
2016-10-06,88000.0
2016-10-07,46000.0
2016-10-08,0.0
2016-10-09,0.0
2016-10-10,0.0
2016-10-11,105000.0
2016-10-12,95000.0
2016-10-13,48000.0
2016-10-14,57000.0
2016-10-15,0.0
2016-10-16,0.0
2016-10-17,75800.0
2016-10-18,13000.0
2016-10-19,60000.0
2016-10-20,130600.0
2016-10-21,50000.0
2016-10-22,0.0
2016-10-23,0.0
2016-10-24,114500.0
2016-10-25,28000.0
2016-10-26,52500.0
2016-10-27,36100.0
2016-10-28,29000.0
2016-10-29,0.0
2016-10-30,10000.0
2016-10-31,46800.0
2016-11-01,52000.0
2016-11-02,58000.0
2016-11-03,0.0
2016-11-04,71200.0
2016-11-05,0.0
2016-11-06,0.0
2016-11-07,75000.0
2016-11-08,92100.0
2016-11-09,88000.0
2016-11-10,40000.0
2016-11-11,80000.0
2016-11-12,0.0
2016-11-13,0.0
2016-11-14,21000.0
2016-11-15,42100.0
2016-11-16,68000.0
2016-11-17,81000.0
2016-11-18,37300.0
2016-11-19,0.0
2016-11-20,0.0
2016-11-21,203000.0
2016-11-22,78000.0
2016-11-23,0.0
2016-11-24,128400.0
2016-11-25,41100.0
2016-11-26,0.0
2016-11-27,0.0
2016-11-28,78300.0
2016-11-29,60100.0
2016-11-30,16000.0
2016-12-01,78500.0
2016-12-02,48100.0
2016-12-03,0.0
2016-12-04,0.0
2016-12-05,32200.0
2016-12-06,76000.0
2016-12-07,15200.0
2016-12-08,49000.0
2016-12-09,43300.0
2016-12-10,0.0
2016-12-11,0.0
2016-12-12,54000.0
2016-12-13,67000.0
2016-12-14,60000.0
2016-12-15,51000.0
2016-12-16,70000.0
2016-12-17,0.0
2016-12-18,0.0
2016-12-19,56000.0
2016-12-20,181000.0
2016-12-21,59100.0
2016-12-22,59500.0
2016-12-23,0.0
2016-12-24,0.0
2016-12-25,0.0
2016-12-26,118000.0
2016-12-27,51000.0
2016-12-28,95000.0
